<?xml version="1.0" encoding="UTF-8"?><rss version="2.0"
	xmlns:content="http://purl.org/rss/1.0/modules/content/"
	xmlns:wfw="http://wellformedweb.org/CommentAPI/"
	xmlns:dc="http://purl.org/dc/elements/1.1/"
	xmlns:atom="http://www.w3.org/2005/Atom"
	xmlns:sy="http://purl.org/rss/1.0/modules/syndication/"
	xmlns:slash="http://purl.org/rss/1.0/modules/slash/"
	>

<channel>
	<title>Services &#8211; Fashion</title>
	<atom:link href="./index.html" rel="self" type="application/rss+xml" />
	<link>./../../index.html</link>
	<description></description>
	<lastBuildDate>Tue, 02 May 2023 12:49:23 +0000</lastBuildDate>
	<language>en-US</language>
	<sy:updatePeriod>
	hourly	</sy:updatePeriod>
	<sy:updateFrequency>
	1	</sy:updateFrequency>
	<generator>https://wordpress.org/?v=6.2</generator>
	<item>
		<title>Hair Makeup</title>
		<link>./../hair-makeup-2/index.html</link>
					<comments>./../hair-makeup-2/index.html#respond</comments>
		
		<dc:creator><![CDATA[ghouse]]></dc:creator>
		<pubDate>Wed, 22 Sep 2021 18:12:14 +0000</pubDate>
				<guid isPermaLink="false">https://shtheme.org/demosd/fredia/?post_type=services&#038;p=74</guid>

					<description><![CDATA[Face ultricies nibh noneu maximus scelerisque. Integer molliser faucibus neque nectar tince duntal. Aliquam erat volutpat. Praeser the tempe maluada quam nec rutue arcu ornare sesi. Makeup molliser fauci neque nec tincidunte. Aliquam eratye volutpat. Praeser tempor maladi quam nec rutrum arcu ornare sed. Duru egite liea nibh viverra ultricies. Nunc lorem vivense design torral [&#8230;]]]></description>
										<content:encoded><![CDATA[<div class="row">
                <div class="col-md-8 animate-box" data-animate-effect="fadeInUp">
                    <p>Face ultricies nibh noneu maximus scelerisque. Integer molliser faucibus neque nectar tince duntal. Aliquam erat volutpat. Praeser the tempe maluada quam nec rutue arcu ornare sesi.</p>
                    <p>Makeup molliser fauci neque nec tincidunte. Aliquam eratye volutpat. Praeser tempor maladi quam nec rutrum arcu ornare sed. Duru egite liea nibh viverra ultricies. Nunc lorem  vivense design torral ipsum dolar a ranish maximus. Proin ultricies nibh noneu maximu scelerisque.</p><br>
                    <div class="row services-price mb-30">
                        <div class="col-md-12">
                            <div class="services-price-info">
                                <h5 class="title">Eye Makeup <span class="price">$130,00</span></h5>
                                <p>Quisque volutpat non nisl id tincidunt. Praesent at eros vitae dui pulvinar ornare.</p>
                            </div>
                            <div class="services-price-info">
                                <h5 class="title">Eyebrow Makeup <span class="price">$140,00</span></h5>
                                <p>Quisque volutpat non nisl id tincidunt. Praesent at eros vitae dui pulvinar ornare.</p>
                            </div>
                            <div class="services-price-info">
                                <h5 class="title">Face Makeup <span class="price">$160,00</span></h5>
                                <p>Quisque volutpat non nisl id tincidunt. Praesent at eros vitae dui pulvinar ornare.</p>
                            </div>
                        </div>
                    </div>
                </div>
                <div class="col-md-3 offset-md-1 text-center animate-box" data-animate-effect="fadeInUp">
                     <img decoding="async" src="./../../wp-content/uploads/2021/10/t1.jpg" class="mb-30" alt="">
                    <h4>Fredia Victoria</h4>
                </div>
            </div>
            <div class="row mt-60">
                <div class="col-md-4 gallery-item animate-box" data-animate-effect="fadeInUp">
                    <a href="./../../wp-content/uploads/2021/10/g1.jpg" title="Title" class="img-zoom">
                        <div class="gallery-box">
                            <div class="gallery-img"> <img decoding="async" src="./../../wp-content/uploads/2021/10/g1.jpg" class="img-fluid mx-auto d-block" alt=""> </div>
                            <div class="gallery-detail text-center"> <i class="ti-plus"></i> </div>
                        </div>
                    </a>
                </div>
                <div class="col-md-4 gallery-item animate-box" data-animate-effect="fadeInUp">
                    <a href="./../../wp-content/uploads/2021/10/g2.jpg" title="Title" class="img-zoom">
                        <div class="gallery-box">
                            <div class="gallery-img"> <img decoding="async" src="./../../wp-content/uploads/2021/10/g2.jpg" class="img-fluid mx-auto d-block" alt=""> </div>
                            <div class="gallery-detail text-center"> <i class="ti-plus"></i> </div>
                        </div>
                    </a>
                </div>
                <div class="col-md-4 gallery-item animate-box" data-animate-effect="fadeInUp">
                    <a href="./../../wp-content/uploads/2021/10/g3.jpg" title="Title" class="img-zoom">
                        <div class="gallery-box">
                            <div class="gallery-img"> <img decoding="async" src="./../../wp-content/uploads/2021/10/g3.jpg" class="img-fluid mx-auto d-block" alt=""> </div>
                            <div class="gallery-detail text-center"> <i class="ti-plus"></i> </div>
                        </div>
                    </a>
                </div>
                <div class="col-md-4 gallery-item animate-box" data-animate-effect="fadeInUp">
                    <a href="./../../wp-content/uploads/2021/10/g4.jpg" title="Title" class="img-zoom">
                        <div class="gallery-box">
                            <div class="gallery-img"> <img decoding="async" src="./../../wp-content/uploads/2021/10/g4.jpg" class="img-fluid mx-auto d-block" alt=""> </div>
                            <div class="gallery-detail text-center"> <i class="ti-plus"></i> </div>
                        </div>
                    </a>
                </div>
                <div class="col-md-4 gallery-item animate-box" data-animate-effect="fadeInUp">
                    <a href="./../../wp-content/uploads/2021/10/g5.jpg" title="Title" class="img-zoom">
                        <div class="gallery-box">
                            <div class="gallery-img"> <img decoding="async" src="./../../wp-content/uploads/2021/10/g5.jpg" class="img-fluid mx-auto d-block" alt=""> </div>
                            <div class="gallery-detail text-center"> <i class="ti-plus"></i> </div>
                        </div>
                    </a>
                </div>
                <div class="col-md-4 gallery-item animate-box" data-animate-effect="fadeInUp">
                    <a href="./../../wp-content/uploads/2021/10/g6.jpg" title="Title" class="img-zoom">
                        <div class="gallery-box">
                            <div class="gallery-img"> <img decoding="async" src="./../../wp-content/uploads/2021/10/g6.jpg" class="img-fluid mx-auto d-block" alt=""> </div>
                            <div class="gallery-detail text-center"> <i class="ti-plus"></i> </div>
                        </div>
                    </a>
                </div>
            </div>]]></content:encoded>
					
					<wfw:commentRss>./../hair-makeup-2/feed/index.html</wfw:commentRss>
			<slash:comments>0</slash:comments>
		
		
			</item>
		<item>
		<title>Bridal Makeup</title>
		<link>./../bridal-makeup-2/index.html</link>
					<comments>./../bridal-makeup-2/index.html#respond</comments>
		
		<dc:creator><![CDATA[ghouse]]></dc:creator>
		<pubDate>Wed, 22 Sep 2021 18:11:19 +0000</pubDate>
				<guid isPermaLink="false">https://shtheme.org/demosd/fredia/?post_type=services&#038;p=72</guid>

					<description><![CDATA[Face ultricies nibh noneu maximus scelerisque. Integer molliser faucibus neque nectar tince duntal. Aliquam erat volutpat. Praeser the tempe maluada quam nec rutue arcu ornare sesi. Makeup molliser fauci neque nec tincidunte. Aliquam eratye volutpat. Praeser tempor maladi quam nec rutrum arcu ornare sed. Duru egite liea nibh viverra ultricies. Nunc lorem vivense design torral [&#8230;]]]></description>
										<content:encoded><![CDATA[<div class="row">
                <div class="col-md-8 animate-box" data-animate-effect="fadeInUp">
                    <p>Face ultricies nibh noneu maximus scelerisque. Integer molliser faucibus neque nectar tince duntal. Aliquam erat volutpat. Praeser the tempe maluada quam nec rutue arcu ornare sesi.</p>
                    <p>Makeup molliser fauci neque nec tincidunte. Aliquam eratye volutpat. Praeser tempor maladi quam nec rutrum arcu ornare sed. Duru egite liea nibh viverra ultricies. Nunc lorem  vivense design torral ipsum dolar a ranish maximus. Proin ultricies nibh noneu maximu scelerisque.</p><br>
                    <div class="row services-price mb-30">
                        <div class="col-md-12">
                            <div class="services-price-info">
                                <h5 class="title">Eye Makeup <span class="price">$130,00</span></h5>
                                <p>Quisque volutpat non nisl id tincidunt. Praesent at eros vitae dui pulvinar ornare.</p>
                            </div>
                            <div class="services-price-info">
                                <h5 class="title">Eyebrow Makeup <span class="price">$140,00</span></h5>
                                <p>Quisque volutpat non nisl id tincidunt. Praesent at eros vitae dui pulvinar ornare.</p>
                            </div>
                            <div class="services-price-info">
                                <h5 class="title">Face Makeup <span class="price">$160,00</span></h5>
                                <p>Quisque volutpat non nisl id tincidunt. Praesent at eros vitae dui pulvinar ornare.</p>
                            </div>
                        </div>
                    </div>
                </div>
                <div class="col-md-3 offset-md-1 text-center animate-box" data-animate-effect="fadeInUp">
                     <img decoding="async" src="./../../wp-content/uploads/2021/10/t1.jpg" class="mb-30" alt="">
                    <h4>Fredia Victoria</h4>
                </div>
            </div>
            <div class="row mt-60">
                <div class="col-md-4 gallery-item animate-box" data-animate-effect="fadeInUp">
                    <a href="./../../wp-content/uploads/2021/10/g1.jpg" title="Title" class="img-zoom">
                        <div class="gallery-box">
                            <div class="gallery-img"> <img decoding="async" src="./../../wp-content/uploads/2021/10/g1.jpg" class="img-fluid mx-auto d-block" alt=""> </div>
                            <div class="gallery-detail text-center"> <i class="ti-plus"></i> </div>
                        </div>
                    </a>
                </div>
                <div class="col-md-4 gallery-item animate-box" data-animate-effect="fadeInUp">
                    <a href="./../../wp-content/uploads/2021/10/g2.jpg" title="Title" class="img-zoom">
                        <div class="gallery-box">
                            <div class="gallery-img"> <img decoding="async" src="./../../wp-content/uploads/2021/10/g2.jpg" class="img-fluid mx-auto d-block" alt=""> </div>
                            <div class="gallery-detail text-center"> <i class="ti-plus"></i> </div>
                        </div>
                    </a>
                </div>
                <div class="col-md-4 gallery-item animate-box" data-animate-effect="fadeInUp">
                    <a href="./../../wp-content/uploads/2021/10/g3.jpg" title="Title" class="img-zoom">
                        <div class="gallery-box">
                            <div class="gallery-img"> <img decoding="async" src="./../../wp-content/uploads/2021/10/g3.jpg" class="img-fluid mx-auto d-block" alt=""> </div>
                            <div class="gallery-detail text-center"> <i class="ti-plus"></i> </div>
                        </div>
                    </a>
                </div>
                <div class="col-md-4 gallery-item animate-box" data-animate-effect="fadeInUp">
                    <a href="./../../wp-content/uploads/2021/10/g4.jpg" title="Title" class="img-zoom">
                        <div class="gallery-box">
                            <div class="gallery-img"> <img decoding="async" src="./../../wp-content/uploads/2021/10/g4.jpg" class="img-fluid mx-auto d-block" alt=""> </div>
                            <div class="gallery-detail text-center"> <i class="ti-plus"></i> </div>
                        </div>
                    </a>
                </div>
                <div class="col-md-4 gallery-item animate-box" data-animate-effect="fadeInUp">
                    <a href="./../../wp-content/uploads/2021/10/g5.jpg" title="Title" class="img-zoom">
                        <div class="gallery-box">
                            <div class="gallery-img"> <img decoding="async" src="./../../wp-content/uploads/2021/10/g5.jpg" class="img-fluid mx-auto d-block" alt=""> </div>
                            <div class="gallery-detail text-center"> <i class="ti-plus"></i> </div>
                        </div>
                    </a>
                </div>
                <div class="col-md-4 gallery-item animate-box" data-animate-effect="fadeInUp">
                    <a href="./../../wp-content/uploads/2021/10/g6.jpg" title="Title" class="img-zoom">
                        <div class="gallery-box">
                            <div class="gallery-img"> <img decoding="async" src="./../../wp-content/uploads/2021/10/g6.jpg" class="img-fluid mx-auto d-block" alt=""> </div>
                            <div class="gallery-detail text-center"> <i class="ti-plus"></i> </div>
                        </div>
                    </a>
                </div>
            </div>]]></content:encoded>
					
					<wfw:commentRss>./../bridal-makeup-2/feed/index.html</wfw:commentRss>
			<slash:comments>0</slash:comments>
		
		
			</item>
		<item>
		<title>Child Face Painting</title>
		<link>./../child-face-painting-2/index.html</link>
					<comments>./../child-face-painting-2/index.html#respond</comments>
		
		<dc:creator><![CDATA[ghouse]]></dc:creator>
		<pubDate>Wed, 22 Sep 2021 18:10:41 +0000</pubDate>
				<guid isPermaLink="false">https://shtheme.org/demosd/fredia/?post_type=services&#038;p=70</guid>

					<description><![CDATA[Face ultricies nibh noneu maximus scelerisque. Integer molliser faucibus neque nectar tince duntal. Aliquam erat volutpat. Praeser the tempe maluada quam nec rutue arcu ornare sesi. Makeup molliser fauci neque nec tincidunte. Aliquam eratye volutpat. Praeser tempor maladi quam nec rutrum arcu ornare sed. Duru egite liea nibh viverra ultricies. Nunc lorem vivense design torral [&#8230;]]]></description>
										<content:encoded><![CDATA[<div class="row">
                <div class="col-md-8 animate-box" data-animate-effect="fadeInUp">
                    <p>Face ultricies nibh noneu maximus scelerisque. Integer molliser faucibus neque nectar tince duntal. Aliquam erat volutpat. Praeser the tempe maluada quam nec rutue arcu ornare sesi.</p>
                    <p>Makeup molliser fauci neque nec tincidunte. Aliquam eratye volutpat. Praeser tempor maladi quam nec rutrum arcu ornare sed. Duru egite liea nibh viverra ultricies. Nunc lorem  vivense design torral ipsum dolar a ranish maximus. Proin ultricies nibh noneu maximu scelerisque.</p><br>
                    <div class="row services-price mb-30">
                        <div class="col-md-12">
                            <div class="services-price-info">
                                <h5 class="title">Eye Makeup <span class="price">$130,00</span></h5>
                                <p>Quisque volutpat non nisl id tincidunt. Praesent at eros vitae dui pulvinar ornare.</p>
                            </div>
                            <div class="services-price-info">
                                <h5 class="title">Eyebrow Makeup <span class="price">$140,00</span></h5>
                                <p>Quisque volutpat non nisl id tincidunt. Praesent at eros vitae dui pulvinar ornare.</p>
                            </div>
                            <div class="services-price-info">
                                <h5 class="title">Face Makeup <span class="price">$160,00</span></h5>
                                <p>Quisque volutpat non nisl id tincidunt. Praesent at eros vitae dui pulvinar ornare.</p>
                            </div>
                        </div>
                    </div>
                </div>
                <div class="col-md-3 offset-md-1 text-center animate-box" data-animate-effect="fadeInUp">
                     <img decoding="async" src="./../../wp-content/uploads/2021/10/t1.jpg" class="mb-30" alt="">
                    <h4>Fredia Victoria</h4>
                </div>
            </div>
            <div class="row mt-60">
                <div class="col-md-4 gallery-item animate-box" data-animate-effect="fadeInUp">
                    <a href="./../../wp-content/uploads/2021/10/g1.jpg" title="Title" class="img-zoom">
                        <div class="gallery-box">
                            <div class="gallery-img"> <img decoding="async" src="./../../wp-content/uploads/2021/10/g1.jpg" class="img-fluid mx-auto d-block" alt=""> </div>
                            <div class="gallery-detail text-center"> <i class="ti-plus"></i> </div>
                        </div>
                    </a>
                </div>
                <div class="col-md-4 gallery-item animate-box" data-animate-effect="fadeInUp">
                    <a href="./../../wp-content/uploads/2021/10/g2.jpg" title="Title" class="img-zoom">
                        <div class="gallery-box">
                            <div class="gallery-img"> <img decoding="async" src="./../../wp-content/uploads/2021/10/g2.jpg" class="img-fluid mx-auto d-block" alt=""> </div>
                            <div class="gallery-detail text-center"> <i class="ti-plus"></i> </div>
                        </div>
                    </a>
                </div>
                <div class="col-md-4 gallery-item animate-box" data-animate-effect="fadeInUp">
                    <a href="./../../wp-content/uploads/2021/10/g3.jpg" title="Title" class="img-zoom">
                        <div class="gallery-box">
                            <div class="gallery-img"> <img decoding="async" src="./../../wp-content/uploads/2021/10/g3.jpg" class="img-fluid mx-auto d-block" alt=""> </div>
                            <div class="gallery-detail text-center"> <i class="ti-plus"></i> </div>
                        </div>
                    </a>
                </div>
                <div class="col-md-4 gallery-item animate-box" data-animate-effect="fadeInUp">
                    <a href="./../../wp-content/uploads/2021/10/g4.jpg" title="Title" class="img-zoom">
                        <div class="gallery-box">
                            <div class="gallery-img"> <img decoding="async" src="./../../wp-content/uploads/2021/10/g4.jpg" class="img-fluid mx-auto d-block" alt=""> </div>
                            <div class="gallery-detail text-center"> <i class="ti-plus"></i> </div>
                        </div>
                    </a>
                </div>
                <div class="col-md-4 gallery-item animate-box" data-animate-effect="fadeInUp">
                    <a href="./../../wp-content/uploads/2021/10/g5.jpg" title="Title" class="img-zoom">
                        <div class="gallery-box">
                            <div class="gallery-img"> <img decoding="async" src="./../../wp-content/uploads/2021/10/g5.jpg" class="img-fluid mx-auto d-block" alt=""> </div>
                            <div class="gallery-detail text-center"> <i class="ti-plus"></i> </div>
                        </div>
                    </a>
                </div>
                <div class="col-md-4 gallery-item animate-box" data-animate-effect="fadeInUp">
                    <a href="./../../wp-content/uploads/2021/10/g6.jpg" title="Title" class="img-zoom">
                        <div class="gallery-box">
                            <div class="gallery-img"> <img decoding="async" src="./../../wp-content/uploads/2021/10/g6.jpg" class="img-fluid mx-auto d-block" alt=""> </div>
                            <div class="gallery-detail text-center"> <i class="ti-plus"></i> </div>
                        </div>
                    </a>
                </div>
            </div>]]></content:encoded>
					
					<wfw:commentRss>./../child-face-painting-2/feed/index.html</wfw:commentRss>
			<slash:comments>0</slash:comments>
		
		
			</item>
		<item>
		<title>Fashion Makeup</title>
		<link>./../fashion-makeup-2/index.html</link>
					<comments>./../fashion-makeup-2/index.html#respond</comments>
		
		<dc:creator><![CDATA[ghouse]]></dc:creator>
		<pubDate>Wed, 22 Sep 2021 18:09:43 +0000</pubDate>
				<guid isPermaLink="false">https://shtheme.org/demosd/fredia/?post_type=services&#038;p=69</guid>

					<description><![CDATA[Face ultricies nibh noneu maximus scelerisque. Integer molliser faucibus neque nectar tince duntal. Aliquam erat volutpat. Praeser the tempe maluada quam nec rutue arcu ornare sesi. Makeup molliser fauci neque nec tincidunte. Aliquam eratye volutpat. Praeser tempor maladi quam nec rutrum arcu ornare sed. Duru egite liea nibh viverra ultricies. Nunc lorem vivense design torral [&#8230;]]]></description>
										<content:encoded><![CDATA[<div class="row">
                <div class="col-md-8 animate-box" data-animate-effect="fadeInUp">
                    <p>Face ultricies nibh noneu maximus scelerisque. Integer molliser faucibus neque nectar tince duntal. Aliquam erat volutpat. Praeser the tempe maluada quam nec rutue arcu ornare sesi.</p>
                    <p>Makeup molliser fauci neque nec tincidunte. Aliquam eratye volutpat. Praeser tempor maladi quam nec rutrum arcu ornare sed. Duru egite liea nibh viverra ultricies. Nunc lorem  vivense design torral ipsum dolar a ranish maximus. Proin ultricies nibh noneu maximu scelerisque.</p><br>
                    <div class="row services-price mb-30">
                        <div class="col-md-12">
                            <div class="services-price-info">
                                <h5 class="title">Eye Makeup <span class="price">$130,00</span></h5>
                                <p>Quisque volutpat non nisl id tincidunt. Praesent at eros vitae dui pulvinar ornare.</p>
                            </div>
                            <div class="services-price-info">
                                <h5 class="title">Eyebrow Makeup <span class="price">$140,00</span></h5>
                                <p>Quisque volutpat non nisl id tincidunt. Praesent at eros vitae dui pulvinar ornare.</p>
                            </div>
                            <div class="services-price-info">
                                <h5 class="title">Face Makeup <span class="price">$160,00</span></h5>
                                <p>Quisque volutpat non nisl id tincidunt. Praesent at eros vitae dui pulvinar ornare.</p>
                            </div>
                        </div>
                    </div>
                </div>
                <div class="col-md-3 offset-md-1 text-center animate-box" data-animate-effect="fadeInUp">
                     <img decoding="async" src="./../../wp-content/uploads/2021/10/t1.jpg" class="mb-30" alt="">
                    <h4>Fredia Victoria</h4>
                </div>
            </div>
            <div class="row mt-60">
                <div class="col-md-4 gallery-item animate-box" data-animate-effect="fadeInUp">
                    <a href="./../../wp-content/uploads/2021/10/g1.jpg" title="Title" class="img-zoom">
                        <div class="gallery-box">
                            <div class="gallery-img"> <img decoding="async" src="./../../wp-content/uploads/2021/10/g1.jpg" class="img-fluid mx-auto d-block" alt=""> </div>
                            <div class="gallery-detail text-center"> <i class="ti-plus"></i> </div>
                        </div>
                    </a>
                </div>
                <div class="col-md-4 gallery-item animate-box" data-animate-effect="fadeInUp">
                    <a href="./../../wp-content/uploads/2021/10/g2.jpg" title="Title" class="img-zoom">
                        <div class="gallery-box">
                            <div class="gallery-img"> <img decoding="async" src="./../../wp-content/uploads/2021/10/g2.jpg" class="img-fluid mx-auto d-block" alt=""> </div>
                            <div class="gallery-detail text-center"> <i class="ti-plus"></i> </div>
                        </div>
                    </a>
                </div>
                <div class="col-md-4 gallery-item animate-box" data-animate-effect="fadeInUp">
                    <a href="./../../wp-content/uploads/2021/10/g3.jpg" title="Title" class="img-zoom">
                        <div class="gallery-box">
                            <div class="gallery-img"> <img decoding="async" src="./../../wp-content/uploads/2021/10/g3.jpg" class="img-fluid mx-auto d-block" alt=""> </div>
                            <div class="gallery-detail text-center"> <i class="ti-plus"></i> </div>
                        </div>
                    </a>
                </div>
                <div class="col-md-4 gallery-item animate-box" data-animate-effect="fadeInUp">
                    <a href="./../../wp-content/uploads/2021/10/g4.jpg" title="Title" class="img-zoom">
                        <div class="gallery-box">
                            <div class="gallery-img"> <img decoding="async" src="./../../wp-content/uploads/2021/10/g4.jpg" class="img-fluid mx-auto d-block" alt=""> </div>
                            <div class="gallery-detail text-center"> <i class="ti-plus"></i> </div>
                        </div>
                    </a>
                </div>
                <div class="col-md-4 gallery-item animate-box" data-animate-effect="fadeInUp">
                    <a href="./../../wp-content/uploads/2021/10/g5.jpg" title="Title" class="img-zoom">
                        <div class="gallery-box">
                            <div class="gallery-img"> <img decoding="async" src="./../../wp-content/uploads/2021/10/g5.jpg" class="img-fluid mx-auto d-block" alt=""> </div>
                            <div class="gallery-detail text-center"> <i class="ti-plus"></i> </div>
                        </div>
                    </a>
                </div>
                <div class="col-md-4 gallery-item animate-box" data-animate-effect="fadeInUp">
                    <a href="./../../wp-content/uploads/2021/10/g6.jpg" title="Title" class="img-zoom">
                        <div class="gallery-box">
                            <div class="gallery-img"> <img decoding="async" src="./../../wp-content/uploads/2021/10/g6.jpg" class="img-fluid mx-auto d-block" alt=""> </div>
                            <div class="gallery-detail text-center"> <i class="ti-plus"></i> </div>
                        </div>
                    </a>
                </div>
            </div>]]></content:encoded>
					
					<wfw:commentRss>./../fashion-makeup-2/feed/index.html</wfw:commentRss>
			<slash:comments>0</slash:comments>
		
		
			</item>
		<item>
		<title>Fantastic Makeup</title>
		<link>./../fantastic-makeup-2/index.html</link>
					<comments>./../fantastic-makeup-2/index.html#respond</comments>
		
		<dc:creator><![CDATA[ghouse]]></dc:creator>
		<pubDate>Wed, 22 Sep 2021 18:08:43 +0000</pubDate>
				<guid isPermaLink="false">https://shtheme.org/demosd/fredia/?post_type=services&#038;p=68</guid>

					<description><![CDATA[Face ultricies nibh noneu maximus scelerisque. Integer molliser faucibus neque nectar tince duntal. Aliquam erat volutpat. Praeser the tempe maluada quam nec rutue arcu ornare sesi. Makeup molliser fauci neque nec tincidunte. Aliquam eratye volutpat. Praeser tempor maladi quam nec rutrum arcu ornare sed. Duru egite liea nibh viverra ultricies. Nunc lorem vivense design torral [&#8230;]]]></description>
										<content:encoded><![CDATA[<div class="row">
                <div class="col-md-8 animate-box" data-animate-effect="fadeInUp">
                    <p>Face ultricies nibh noneu maximus scelerisque. Integer molliser faucibus neque nectar tince duntal. Aliquam erat volutpat. Praeser the tempe maluada quam nec rutue arcu ornare sesi.</p>
                    <p>Makeup molliser fauci neque nec tincidunte. Aliquam eratye volutpat. Praeser tempor maladi quam nec rutrum arcu ornare sed. Duru egite liea nibh viverra ultricies. Nunc lorem  vivense design torral ipsum dolar a ranish maximus. Proin ultricies nibh noneu maximu scelerisque.</p><br>
                    <div class="row services-price mb-30">
                        <div class="col-md-12">
                            <div class="services-price-info">
                                <h5 class="title">Eye Makeup <span class="price">$130,00</span></h5>
                                <p>Quisque volutpat non nisl id tincidunt. Praesent at eros vitae dui pulvinar ornare.</p>
                            </div>
                            <div class="services-price-info">
                                <h5 class="title">Eyebrow Makeup <span class="price">$140,00</span></h5>
                                <p>Quisque volutpat non nisl id tincidunt. Praesent at eros vitae dui pulvinar ornare.</p>
                            </div>
                            <div class="services-price-info">
                                <h5 class="title">Face Makeup <span class="price">$160,00</span></h5>
                                <p>Quisque volutpat non nisl id tincidunt. Praesent at eros vitae dui pulvinar ornare.</p>
                            </div>
                        </div>
                    </div>
                </div>
                <div class="col-md-3 offset-md-1 text-center animate-box" data-animate-effect="fadeInUp">
                     <img decoding="async" src="./../../wp-content/uploads/2021/10/t1.jpg" class="mb-30" alt="">
                    <h4>Fredia Victoria</h4>
                </div>
            </div>
            <div class="row mt-60">
                <div class="col-md-4 gallery-item animate-box" data-animate-effect="fadeInUp">
                    <a href="./../../wp-content/uploads/2021/10/g1.jpg" title="Title" class="img-zoom">
                        <div class="gallery-box">
                            <div class="gallery-img"> <img decoding="async" src="./../../wp-content/uploads/2021/10/g1.jpg" class="img-fluid mx-auto d-block" alt=""> </div>
                            <div class="gallery-detail text-center"> <i class="ti-plus"></i> </div>
                        </div>
                    </a>
                </div>
                <div class="col-md-4 gallery-item animate-box" data-animate-effect="fadeInUp">
                    <a href="./../../wp-content/uploads/2021/10/g2.jpg" title="Title" class="img-zoom">
                        <div class="gallery-box">
                            <div class="gallery-img"> <img decoding="async" src="./../../wp-content/uploads/2021/10/g2.jpg" class="img-fluid mx-auto d-block" alt=""> </div>
                            <div class="gallery-detail text-center"> <i class="ti-plus"></i> </div>
                        </div>
                    </a>
                </div>
                <div class="col-md-4 gallery-item animate-box" data-animate-effect="fadeInUp">
                    <a href="./../../wp-content/uploads/2021/10/g3.jpg" title="Title" class="img-zoom">
                        <div class="gallery-box">
                            <div class="gallery-img"> <img decoding="async" src="./../../wp-content/uploads/2021/10/g3.jpg" class="img-fluid mx-auto d-block" alt=""> </div>
                            <div class="gallery-detail text-center"> <i class="ti-plus"></i> </div>
                        </div>
                    </a>
                </div>
                <div class="col-md-4 gallery-item animate-box" data-animate-effect="fadeInUp">
                    <a href="./../../wp-content/uploads/2021/10/g4.jpg" title="Title" class="img-zoom">
                        <div class="gallery-box">
                            <div class="gallery-img"> <img decoding="async" src="./../../wp-content/uploads/2021/10/g4.jpg" class="img-fluid mx-auto d-block" alt=""> </div>
                            <div class="gallery-detail text-center"> <i class="ti-plus"></i> </div>
                        </div>
                    </a>
                </div>
                <div class="col-md-4 gallery-item animate-box" data-animate-effect="fadeInUp">
                    <a href="./../../wp-content/uploads/2021/10/g5.jpg" title="Title" class="img-zoom">
                        <div class="gallery-box">
                            <div class="gallery-img"> <img decoding="async" src="./../../wp-content/uploads/2021/10/g5.jpg" class="img-fluid mx-auto d-block" alt=""> </div>
                            <div class="gallery-detail text-center"> <i class="ti-plus"></i> </div>
                        </div>
                    </a>
                </div>
                <div class="col-md-4 gallery-item animate-box" data-animate-effect="fadeInUp">
                    <a href="./../../wp-content/uploads/2021/10/g6.jpg" title="Title" class="img-zoom">
                        <div class="gallery-box">
                            <div class="gallery-img"> <img decoding="async" src="./../../wp-content/uploads/2021/10/g6.jpg" class="img-fluid mx-auto d-block" alt=""> </div>
                            <div class="gallery-detail text-center"> <i class="ti-plus"></i> </div>
                        </div>
                    </a>
                </div>
            </div>]]></content:encoded>
					
					<wfw:commentRss>./../fantastic-makeup-2/feed/index.html</wfw:commentRss>
			<slash:comments>0</slash:comments>
		
		
			</item>
		<item>
		<title>Effect Makeup</title>
		<link>./../effect-makeup-2/index.html</link>
					<comments>./../effect-makeup-2/index.html#respond</comments>
		
		<dc:creator><![CDATA[ghouse]]></dc:creator>
		<pubDate>Wed, 22 Sep 2021 18:07:49 +0000</pubDate>
				<guid isPermaLink="false">https://shtheme.org/demosd/fredia/?post_type=services&#038;p=66</guid>

					<description><![CDATA[Face ultricies nibh noneu maximus scelerisque. Integer molliser faucibus neque nectar tince duntal. Aliquam erat volutpat. Praeser the tempe maluada quam nec rutue arcu ornare sesi. Makeup molliser fauci neque nec tincidunte. Aliquam eratye volutpat. Praeser tempor maladi quam nec rutrum arcu ornare sed. Duru egite liea nibh viverra ultricies. Nunc lorem vivense design torral [&#8230;]]]></description>
										<content:encoded><![CDATA[<div class="row">
                <div class="col-md-8 animate-box" data-animate-effect="fadeInUp">
                    <p>Face ultricies nibh noneu maximus scelerisque. Integer molliser faucibus neque nectar tince duntal. Aliquam erat volutpat. Praeser the tempe maluada quam nec rutue arcu ornare sesi.</p>
                    <p>Makeup molliser fauci neque nec tincidunte. Aliquam eratye volutpat. Praeser tempor maladi quam nec rutrum arcu ornare sed. Duru egite liea nibh viverra ultricies. Nunc lorem  vivense design torral ipsum dolar a ranish maximus. Proin ultricies nibh noneu maximu scelerisque.</p><br>
                    <div class="row services-price mb-30">
                        <div class="col-md-12">
                            <div class="services-price-info">
                                <h5 class="title">Eye Makeup <span class="price">$130,00</span></h5>
                                <p>Quisque volutpat non nisl id tincidunt. Praesent at eros vitae dui pulvinar ornare.</p>
                            </div>
                            <div class="services-price-info">
                                <h5 class="title">Eyebrow Makeup <span class="price">$140,00</span></h5>
                                <p>Quisque volutpat non nisl id tincidunt. Praesent at eros vitae dui pulvinar ornare.</p>
                            </div>
                            <div class="services-price-info">
                                <h5 class="title">Face Makeup <span class="price">$160,00</span></h5>
                                <p>Quisque volutpat non nisl id tincidunt. Praesent at eros vitae dui pulvinar ornare.</p>
                            </div>
                        </div>
                    </div>
                </div>
                <div class="col-md-3 offset-md-1 text-center animate-box" data-animate-effect="fadeInUp">
                     <img decoding="async" src="./../../wp-content/uploads/2021/10/t1.jpg" class="mb-30" alt="">
                    <h4>Fredia Victoria</h4>
                </div>
            </div>
            <div class="row mt-60">
                <div class="col-md-4 gallery-item animate-box" data-animate-effect="fadeInUp">
                    <a href="./../../wp-content/uploads/2021/10/g1.jpg" title="Title" class="img-zoom">
                        <div class="gallery-box">
                            <div class="gallery-img"> <img decoding="async" src="./../../wp-content/uploads/2021/10/g1.jpg" class="img-fluid mx-auto d-block" alt=""> </div>
                            <div class="gallery-detail text-center"> <i class="ti-plus"></i> </div>
                        </div>
                    </a>
                </div>
                <div class="col-md-4 gallery-item animate-box" data-animate-effect="fadeInUp">
                    <a href="./../../wp-content/uploads/2021/10/g2.jpg" title="Title" class="img-zoom">
                        <div class="gallery-box">
                            <div class="gallery-img"> <img decoding="async" src="./../../wp-content/uploads/2021/10/g2.jpg" class="img-fluid mx-auto d-block" alt=""> </div>
                            <div class="gallery-detail text-center"> <i class="ti-plus"></i> </div>
                        </div>
                    </a>
                </div>
                <div class="col-md-4 gallery-item animate-box" data-animate-effect="fadeInUp">
                    <a href="./../../wp-content/uploads/2021/10/g3.jpg" title="Title" class="img-zoom">
                        <div class="gallery-box">
                            <div class="gallery-img"> <img decoding="async" src="./../../wp-content/uploads/2021/10/g3.jpg" class="img-fluid mx-auto d-block" alt=""> </div>
                            <div class="gallery-detail text-center"> <i class="ti-plus"></i> </div>
                        </div>
                    </a>
                </div>
                <div class="col-md-4 gallery-item animate-box" data-animate-effect="fadeInUp">
                    <a href="./../../wp-content/uploads/2021/10/g4.jpg" title="Title" class="img-zoom">
                        <div class="gallery-box">
                            <div class="gallery-img"> <img decoding="async" src="./../../wp-content/uploads/2021/10/g4.jpg" class="img-fluid mx-auto d-block" alt=""> </div>
                            <div class="gallery-detail text-center"> <i class="ti-plus"></i> </div>
                        </div>
                    </a>
                </div>
                <div class="col-md-4 gallery-item animate-box" data-animate-effect="fadeInUp">
                    <a href="./../../wp-content/uploads/2021/10/g5.jpg" title="Title" class="img-zoom">
                        <div class="gallery-box">
                            <div class="gallery-img"> <img decoding="async" src="./../../wp-content/uploads/2021/10/g5.jpg" class="img-fluid mx-auto d-block" alt=""> </div>
                            <div class="gallery-detail text-center"> <i class="ti-plus"></i> </div>
                        </div>
                    </a>
                </div>
                <div class="col-md-4 gallery-item animate-box" data-animate-effect="fadeInUp">
                    <a href="./../../wp-content/uploads/2021/10/g6.jpg" title="Title" class="img-zoom">
                        <div class="gallery-box">
                            <div class="gallery-img"> <img decoding="async" src="./../../wp-content/uploads/2021/10/g6.jpg" class="img-fluid mx-auto d-block" alt=""> </div>
                            <div class="gallery-detail text-center"> <i class="ti-plus"></i> </div>
                        </div>
                    </a>
                </div>
            </div>]]></content:encoded>
					
					<wfw:commentRss>./../effect-makeup-2/feed/index.html</wfw:commentRss>
			<slash:comments>0</slash:comments>
		
		
			</item>
		<item>
		<title>Hair Makeup</title>
		<link>./../hair-makeup/index.html</link>
					<comments>./../hair-makeup/index.html#respond</comments>
		
		<dc:creator><![CDATA[ghouse]]></dc:creator>
		<pubDate>Tue, 31 Aug 2021 08:21:28 +0000</pubDate>
				<guid isPermaLink="false">https://shtheme.org/demosd/fredia/?post_type=services&#038;p=40</guid>

					<description><![CDATA[Face ultricies nibh noneu maximus scelerisque. Integer molliser faucibus neque nectar tince duntal. Aliquam erat volutpat. Praeser the tempe maluada quam nec rutue arcu ornare sesi. Makeup molliser fauci neque nec tincidunte. Aliquam eratye volutpat. Praeser tempor maladi quam nec rutrum arcu ornare sed. Duru egite liea nibh viverra ultricies. Nunc lorem vivense design torral [&#8230;]]]></description>
										<content:encoded><![CDATA[<div class="row">
                <div class="col-md-8 animate-box" data-animate-effect="fadeInUp">
                    <p>Face ultricies nibh noneu maximus scelerisque. Integer molliser faucibus neque nectar tince duntal. Aliquam erat volutpat. Praeser the tempe maluada quam nec rutue arcu ornare sesi.</p>
                    <p>Makeup molliser fauci neque nec tincidunte. Aliquam eratye volutpat. Praeser tempor maladi quam nec rutrum arcu ornare sed. Duru egite liea nibh viverra ultricies. Nunc lorem  vivense design torral ipsum dolar a ranish maximus. Proin ultricies nibh noneu maximu scelerisque.</p><br>
                    <div class="row services-price mb-30">
                        <div class="col-md-12">
                            <div class="services-price-info">
                                <h5 class="title">Eye Makeup <span class="price">$130,00</span></h5>
                                <p>Quisque volutpat non nisl id tincidunt. Praesent at eros vitae dui pulvinar ornare.</p>
                            </div>
                            <div class="services-price-info">
                                <h5 class="title">Eyebrow Makeup <span class="price">$140,00</span></h5>
                                <p>Quisque volutpat non nisl id tincidunt. Praesent at eros vitae dui pulvinar ornare.</p>
                            </div>
                            <div class="services-price-info">
                                <h5 class="title">Face Makeup <span class="price">$160,00</span></h5>
                                <p>Quisque volutpat non nisl id tincidunt. Praesent at eros vitae dui pulvinar ornare.</p>
                            </div>
                        </div>
                    </div>
                </div>
                <div class="col-md-3 offset-md-1 text-center animate-box" data-animate-effect="fadeInUp">
                     <img decoding="async" src="./../../wp-content/uploads/2021/10/t1.jpg" class="mb-30" alt="">
                    <h4>Fredia Victoria</h4>
                </div>
            </div>
            <div class="row mt-60">
                <div class="col-md-4 gallery-item animate-box" data-animate-effect="fadeInUp">
                    <a href="./../../wp-content/uploads/2021/10/g1.jpg" title="Title" class="img-zoom">
                        <div class="gallery-box">
                            <div class="gallery-img"> <img decoding="async" src="./../../wp-content/uploads/2021/10/g1.jpg" class="img-fluid mx-auto d-block" alt=""> </div>
                            <div class="gallery-detail text-center"> <i class="ti-plus"></i> </div>
                        </div>
                    </a>
                </div>
                <div class="col-md-4 gallery-item animate-box" data-animate-effect="fadeInUp">
                    <a href="./../../wp-content/uploads/2021/10/g2.jpg" title="Title" class="img-zoom">
                        <div class="gallery-box">
                            <div class="gallery-img"> <img decoding="async" src="./../../wp-content/uploads/2021/10/g2.jpg" class="img-fluid mx-auto d-block" alt=""> </div>
                            <div class="gallery-detail text-center"> <i class="ti-plus"></i> </div>
                        </div>
                    </a>
                </div>
                <div class="col-md-4 gallery-item animate-box" data-animate-effect="fadeInUp">
                    <a href="./../../wp-content/uploads/2021/10/g3.jpg" title="Title" class="img-zoom">
                        <div class="gallery-box">
                            <div class="gallery-img"> <img decoding="async" src="./../../wp-content/uploads/2021/10/g3.jpg" class="img-fluid mx-auto d-block" alt=""> </div>
                            <div class="gallery-detail text-center"> <i class="ti-plus"></i> </div>
                        </div>
                    </a>
                </div>
                <div class="col-md-4 gallery-item animate-box" data-animate-effect="fadeInUp">
                    <a href="./../../wp-content/uploads/2021/10/g4.jpg" title="Title" class="img-zoom">
                        <div class="gallery-box">
                            <div class="gallery-img"> <img decoding="async" src="./../../wp-content/uploads/2021/10/g4.jpg" class="img-fluid mx-auto d-block" alt=""> </div>
                            <div class="gallery-detail text-center"> <i class="ti-plus"></i> </div>
                        </div>
                    </a>
                </div>
                <div class="col-md-4 gallery-item animate-box" data-animate-effect="fadeInUp">
                    <a href="./../../wp-content/uploads/2021/10/g5.jpg" title="Title" class="img-zoom">
                        <div class="gallery-box">
                            <div class="gallery-img"> <img decoding="async" src="./../../wp-content/uploads/2021/10/g5.jpg" class="img-fluid mx-auto d-block" alt=""> </div>
                            <div class="gallery-detail text-center"> <i class="ti-plus"></i> </div>
                        </div>
                    </a>
                </div>
                <div class="col-md-4 gallery-item animate-box" data-animate-effect="fadeInUp">
                    <a href="./../../wp-content/uploads/2021/10/g6.jpg" title="Title" class="img-zoom">
                        <div class="gallery-box">
                            <div class="gallery-img"> <img decoding="async" src="./../../wp-content/uploads/2021/10/g6.jpg" class="img-fluid mx-auto d-block" alt=""> </div>
                            <div class="gallery-detail text-center"> <i class="ti-plus"></i> </div>
                        </div>
                    </a>
                </div>
            </div>]]></content:encoded>
					
					<wfw:commentRss>./../hair-makeup/feed/index.html</wfw:commentRss>
			<slash:comments>0</slash:comments>
		
		
			</item>
		<item>
		<title>Bridal Makeup</title>
		<link>./../bridal-makeup/index.html</link>
					<comments>./../bridal-makeup/index.html#respond</comments>
		
		<dc:creator><![CDATA[ghouse]]></dc:creator>
		<pubDate>Tue, 31 Aug 2021 08:20:58 +0000</pubDate>
				<guid isPermaLink="false">https://shtheme.org/demosd/fredia/?post_type=services&#038;p=39</guid>

					<description><![CDATA[Face ultricies nibh noneu maximus scelerisque. Integer molliser faucibus neque nectar tince duntal. Aliquam erat volutpat. Praeser the tempe maluada quam nec rutue arcu ornare sesi. Makeup molliser fauci neque nec tincidunte. Aliquam eratye volutpat. Praeser tempor maladi quam nec rutrum arcu ornare sed. Duru egite liea nibh viverra ultricies. Nunc lorem vivense design torral [&#8230;]]]></description>
										<content:encoded><![CDATA[<div class="row">
                <div class="col-md-8 animate-box" data-animate-effect="fadeInUp">
                    <p>Face ultricies nibh noneu maximus scelerisque. Integer molliser faucibus neque nectar tince duntal. Aliquam erat volutpat. Praeser the tempe maluada quam nec rutue arcu ornare sesi.</p>
                    <p>Makeup molliser fauci neque nec tincidunte. Aliquam eratye volutpat. Praeser tempor maladi quam nec rutrum arcu ornare sed. Duru egite liea nibh viverra ultricies. Nunc lorem  vivense design torral ipsum dolar a ranish maximus. Proin ultricies nibh noneu maximu scelerisque.</p><br>
                    <div class="row services-price mb-30">
                        <div class="col-md-12">
                            <div class="services-price-info">
                                <h5 class="title">Eye Makeup <span class="price">$130,00</span></h5>
                                <p>Quisque volutpat non nisl id tincidunt. Praesent at eros vitae dui pulvinar ornare.</p>
                            </div>
                            <div class="services-price-info">
                                <h5 class="title">Eyebrow Makeup <span class="price">$140,00</span></h5>
                                <p>Quisque volutpat non nisl id tincidunt. Praesent at eros vitae dui pulvinar ornare.</p>
                            </div>
                            <div class="services-price-info">
                                <h5 class="title">Face Makeup <span class="price">$160,00</span></h5>
                                <p>Quisque volutpat non nisl id tincidunt. Praesent at eros vitae dui pulvinar ornare.</p>
                            </div>
                        </div>
                    </div>
                </div>
                <div class="col-md-3 offset-md-1 text-center animate-box" data-animate-effect="fadeInUp">
                     <img decoding="async" src="./../../wp-content/uploads/2021/10/t1.jpg" class="mb-30" alt="">
                    <h4>Fredia Victoria</h4>
                </div>
            </div>
            <div class="row mt-60">
                <div class="col-md-4 gallery-item animate-box" data-animate-effect="fadeInUp">
                    <a href="./../../wp-content/uploads/2021/10/g1.jpg" title="Title" class="img-zoom">
                        <div class="gallery-box">
                            <div class="gallery-img"> <img decoding="async" src="./../../wp-content/uploads/2021/10/g1.jpg" class="img-fluid mx-auto d-block" alt=""> </div>
                            <div class="gallery-detail text-center"> <i class="ti-plus"></i> </div>
                        </div>
                    </a>
                </div>
                <div class="col-md-4 gallery-item animate-box" data-animate-effect="fadeInUp">
                    <a href="./../../wp-content/uploads/2021/10/g2.jpg" title="Title" class="img-zoom">
                        <div class="gallery-box">
                            <div class="gallery-img"> <img decoding="async" src="./../../wp-content/uploads/2021/10/g2.jpg" class="img-fluid mx-auto d-block" alt=""> </div>
                            <div class="gallery-detail text-center"> <i class="ti-plus"></i> </div>
                        </div>
                    </a>
                </div>
                <div class="col-md-4 gallery-item animate-box" data-animate-effect="fadeInUp">
                    <a href="./../../wp-content/uploads/2021/10/g3.jpg" title="Title" class="img-zoom">
                        <div class="gallery-box">
                            <div class="gallery-img"> <img decoding="async" src="./../../wp-content/uploads/2021/10/g3.jpg" class="img-fluid mx-auto d-block" alt=""> </div>
                            <div class="gallery-detail text-center"> <i class="ti-plus"></i> </div>
                        </div>
                    </a>
                </div>
                <div class="col-md-4 gallery-item animate-box" data-animate-effect="fadeInUp">
                    <a href="./../../wp-content/uploads/2021/10/g4.jpg" title="Title" class="img-zoom">
                        <div class="gallery-box">
                            <div class="gallery-img"> <img decoding="async" src="./../../wp-content/uploads/2021/10/g4.jpg" class="img-fluid mx-auto d-block" alt=""> </div>
                            <div class="gallery-detail text-center"> <i class="ti-plus"></i> </div>
                        </div>
                    </a>
                </div>
                <div class="col-md-4 gallery-item animate-box" data-animate-effect="fadeInUp">
                    <a href="./../../wp-content/uploads/2021/10/g5.jpg" title="Title" class="img-zoom">
                        <div class="gallery-box">
                            <div class="gallery-img"> <img decoding="async" src="./../../wp-content/uploads/2021/10/g5.jpg" class="img-fluid mx-auto d-block" alt=""> </div>
                            <div class="gallery-detail text-center"> <i class="ti-plus"></i> </div>
                        </div>
                    </a>
                </div>
                <div class="col-md-4 gallery-item animate-box" data-animate-effect="fadeInUp">
                    <a href="./../../wp-content/uploads/2021/10/g6.jpg" title="Title" class="img-zoom">
                        <div class="gallery-box">
                            <div class="gallery-img"> <img decoding="async" src="./../../wp-content/uploads/2021/10/g6.jpg" class="img-fluid mx-auto d-block" alt=""> </div>
                            <div class="gallery-detail text-center"> <i class="ti-plus"></i> </div>
                        </div>
                    </a>
                </div>
            </div>]]></content:encoded>
					
					<wfw:commentRss>./../bridal-makeup/feed/index.html</wfw:commentRss>
			<slash:comments>0</slash:comments>
		
		
			</item>
		<item>
		<title>Child Face Painting</title>
		<link>./../child-face-painting/index.html</link>
					<comments>./../child-face-painting/index.html#respond</comments>
		
		<dc:creator><![CDATA[ghouse]]></dc:creator>
		<pubDate>Tue, 31 Aug 2021 08:20:35 +0000</pubDate>
				<guid isPermaLink="false">https://shtheme.org/demosd/fredia/?post_type=services&#038;p=38</guid>

					<description><![CDATA[Face ultricies nibh noneu maximus scelerisque. Integer molliser faucibus neque nectar tince duntal. Aliquam erat volutpat. Praeser the tempe maluada quam nec rutue arcu ornare sesi. Makeup molliser fauci neque nec tincidunte. Aliquam eratye volutpat. Praeser tempor maladi quam nec rutrum arcu ornare sed. Duru egite liea nibh viverra ultricies. Nunc lorem vivense design torral [&#8230;]]]></description>
										<content:encoded><![CDATA[<div class="row">
                <div class="col-md-8 animate-box" data-animate-effect="fadeInUp">
                    <p>Face ultricies nibh noneu maximus scelerisque. Integer molliser faucibus neque nectar tince duntal. Aliquam erat volutpat. Praeser the tempe maluada quam nec rutue arcu ornare sesi.</p>
                    <p>Makeup molliser fauci neque nec tincidunte. Aliquam eratye volutpat. Praeser tempor maladi quam nec rutrum arcu ornare sed. Duru egite liea nibh viverra ultricies. Nunc lorem  vivense design torral ipsum dolar a ranish maximus. Proin ultricies nibh noneu maximu scelerisque.</p><br>
                    <div class="row services-price mb-30">
                        <div class="col-md-12">
                            <div class="services-price-info">
                                <h5 class="title">Eye Makeup <span class="price">$130,00</span></h5>
                                <p>Quisque volutpat non nisl id tincidunt. Praesent at eros vitae dui pulvinar ornare.</p>
                            </div>
                            <div class="services-price-info">
                                <h5 class="title">Eyebrow Makeup <span class="price">$140,00</span></h5>
                                <p>Quisque volutpat non nisl id tincidunt. Praesent at eros vitae dui pulvinar ornare.</p>
                            </div>
                            <div class="services-price-info">
                                <h5 class="title">Face Makeup <span class="price">$160,00</span></h5>
                                <p>Quisque volutpat non nisl id tincidunt. Praesent at eros vitae dui pulvinar ornare.</p>
                            </div>
                        </div>
                    </div>
                </div>
                <div class="col-md-3 offset-md-1 text-center animate-box" data-animate-effect="fadeInUp">
                     <img decoding="async" src="./../../wp-content/uploads/2021/10/t1.jpg" class="mb-30" alt="">
                    <h4>Fredia Victoria</h4>
                </div>
            </div>
            <div class="row mt-60">
                <div class="col-md-4 gallery-item animate-box" data-animate-effect="fadeInUp">
                    <a href="./../../wp-content/uploads/2021/10/g1.jpg" title="Title" class="img-zoom">
                        <div class="gallery-box">
                            <div class="gallery-img"> <img decoding="async" src="./../../wp-content/uploads/2021/10/g1.jpg" class="img-fluid mx-auto d-block" alt=""> </div>
                            <div class="gallery-detail text-center"> <i class="ti-plus"></i> </div>
                        </div>
                    </a>
                </div>
                <div class="col-md-4 gallery-item animate-box" data-animate-effect="fadeInUp">
                    <a href="./../../wp-content/uploads/2021/10/g2.jpg" title="Title" class="img-zoom">
                        <div class="gallery-box">
                            <div class="gallery-img"> <img decoding="async" src="./../../wp-content/uploads/2021/10/g2.jpg" class="img-fluid mx-auto d-block" alt=""> </div>
                            <div class="gallery-detail text-center"> <i class="ti-plus"></i> </div>
                        </div>
                    </a>
                </div>
                <div class="col-md-4 gallery-item animate-box" data-animate-effect="fadeInUp">
                    <a href="./../../wp-content/uploads/2021/10/g3.jpg" title="Title" class="img-zoom">
                        <div class="gallery-box">
                            <div class="gallery-img"> <img decoding="async" src="./../../wp-content/uploads/2021/10/g3.jpg" class="img-fluid mx-auto d-block" alt=""> </div>
                            <div class="gallery-detail text-center"> <i class="ti-plus"></i> </div>
                        </div>
                    </a>
                </div>
                <div class="col-md-4 gallery-item animate-box" data-animate-effect="fadeInUp">
                    <a href="./../../wp-content/uploads/2021/10/g4.jpg" title="Title" class="img-zoom">
                        <div class="gallery-box">
                            <div class="gallery-img"> <img decoding="async" src="./../../wp-content/uploads/2021/10/g4.jpg" class="img-fluid mx-auto d-block" alt=""> </div>
                            <div class="gallery-detail text-center"> <i class="ti-plus"></i> </div>
                        </div>
                    </a>
                </div>
                <div class="col-md-4 gallery-item animate-box" data-animate-effect="fadeInUp">
                    <a href="./../../wp-content/uploads/2021/10/g5.jpg" title="Title" class="img-zoom">
                        <div class="gallery-box">
                            <div class="gallery-img"> <img decoding="async" src="./../../wp-content/uploads/2021/10/g5.jpg" class="img-fluid mx-auto d-block" alt=""> </div>
                            <div class="gallery-detail text-center"> <i class="ti-plus"></i> </div>
                        </div>
                    </a>
                </div>
                <div class="col-md-4 gallery-item animate-box" data-animate-effect="fadeInUp">
                    <a href="./../../wp-content/uploads/2021/10/g6.jpg" title="Title" class="img-zoom">
                        <div class="gallery-box">
                            <div class="gallery-img"> <img decoding="async" src="./../../wp-content/uploads/2021/10/g6.jpg" class="img-fluid mx-auto d-block" alt=""> </div>
                            <div class="gallery-detail text-center"> <i class="ti-plus"></i> </div>
                        </div>
                    </a>
                </div>
            </div>]]></content:encoded>
					
					<wfw:commentRss>./../child-face-painting/feed/index.html</wfw:commentRss>
			<slash:comments>0</slash:comments>
		
		
			</item>
		<item>
		<title>Fashion Makeup</title>
		<link>./../fashion-makeup/index.html</link>
					<comments>./../fashion-makeup/index.html#respond</comments>
		
		<dc:creator><![CDATA[ghouse]]></dc:creator>
		<pubDate>Tue, 31 Aug 2021 08:20:04 +0000</pubDate>
				<guid isPermaLink="false">https://shtheme.org/demosd/fredia/?post_type=services&#038;p=36</guid>

					<description><![CDATA[Face ultricies nibh noneu maximus scelerisque. Integer molliser faucibus neque nectar tince duntal. Aliquam erat volutpat. Praeser the tempe maluada quam nec rutue arcu ornare sesi. Makeup molliser fauci neque nec tincidunte. Aliquam eratye volutpat. Praeser tempor maladi quam nec rutrum arcu ornare sed. Duru egite liea nibh viverra ultricies. Nunc lorem vivense design torral [&#8230;]]]></description>
										<content:encoded><![CDATA[<div class="row">
                <div class="col-md-8 animate-box" data-animate-effect="fadeInUp">
                    <p>Face ultricies nibh noneu maximus scelerisque. Integer molliser faucibus neque nectar tince duntal. Aliquam erat volutpat. Praeser the tempe maluada quam nec rutue arcu ornare sesi.</p>
                    <p>Makeup molliser fauci neque nec tincidunte. Aliquam eratye volutpat. Praeser tempor maladi quam nec rutrum arcu ornare sed. Duru egite liea nibh viverra ultricies. Nunc lorem  vivense design torral ipsum dolar a ranish maximus. Proin ultricies nibh noneu maximu scelerisque.</p><br>
                    <div class="row services-price mb-30">
                        <div class="col-md-12">
                            <div class="services-price-info">
                                <h5 class="title">Eye Makeup <span class="price">$130,00</span></h5>
                                <p>Quisque volutpat non nisl id tincidunt. Praesent at eros vitae dui pulvinar ornare.</p>
                            </div>
                            <div class="services-price-info">
                                <h5 class="title">Eyebrow Makeup <span class="price">$140,00</span></h5>
                                <p>Quisque volutpat non nisl id tincidunt. Praesent at eros vitae dui pulvinar ornare.</p>
                            </div>
                            <div class="services-price-info">
                                <h5 class="title">Face Makeup <span class="price">$160,00</span></h5>
                                <p>Quisque volutpat non nisl id tincidunt. Praesent at eros vitae dui pulvinar ornare.</p>
                            </div>
                        </div>
                    </div>
                </div>
                <div class="col-md-3 offset-md-1 text-center animate-box" data-animate-effect="fadeInUp">
                     <img decoding="async" src="./../../wp-content/uploads/2021/10/t1.jpg" class="mb-30" alt="">
                    <h4>Fredia Victoria</h4>
                </div>
            </div>
            <div class="row mt-60">
                <div class="col-md-4 gallery-item animate-box" data-animate-effect="fadeInUp">
                    <a href="./../../wp-content/uploads/2021/10/g1.jpg" title="Title" class="img-zoom">
                        <div class="gallery-box">
                            <div class="gallery-img"> <img decoding="async" src="./../../wp-content/uploads/2021/10/g1.jpg" class="img-fluid mx-auto d-block" alt=""> </div>
                            <div class="gallery-detail text-center"> <i class="ti-plus"></i> </div>
                        </div>
                    </a>
                </div>
                <div class="col-md-4 gallery-item animate-box" data-animate-effect="fadeInUp">
                    <a href="./../../wp-content/uploads/2021/10/g2.jpg" title="Title" class="img-zoom">
                        <div class="gallery-box">
                            <div class="gallery-img"> <img decoding="async" src="./../../wp-content/uploads/2021/10/g2.jpg" class="img-fluid mx-auto d-block" alt=""> </div>
                            <div class="gallery-detail text-center"> <i class="ti-plus"></i> </div>
                        </div>
                    </a>
                </div>
                <div class="col-md-4 gallery-item animate-box" data-animate-effect="fadeInUp">
                    <a href="./../../wp-content/uploads/2021/10/g3.jpg" title="Title" class="img-zoom">
                        <div class="gallery-box">
                            <div class="gallery-img"> <img decoding="async" src="./../../wp-content/uploads/2021/10/g3.jpg" class="img-fluid mx-auto d-block" alt=""> </div>
                            <div class="gallery-detail text-center"> <i class="ti-plus"></i> </div>
                        </div>
                    </a>
                </div>
                <div class="col-md-4 gallery-item animate-box" data-animate-effect="fadeInUp">
                    <a href="./../../wp-content/uploads/2021/10/g4.jpg" title="Title" class="img-zoom">
                        <div class="gallery-box">
                            <div class="gallery-img"> <img decoding="async" src="./../../wp-content/uploads/2021/10/g4.jpg" class="img-fluid mx-auto d-block" alt=""> </div>
                            <div class="gallery-detail text-center"> <i class="ti-plus"></i> </div>
                        </div>
                    </a>
                </div>
                <div class="col-md-4 gallery-item animate-box" data-animate-effect="fadeInUp">
                    <a href="./../../wp-content/uploads/2021/10/g5.jpg" title="Title" class="img-zoom">
                        <div class="gallery-box">
                            <div class="gallery-img"> <img decoding="async" src="./../../wp-content/uploads/2021/10/g5.jpg" class="img-fluid mx-auto d-block" alt=""> </div>
                            <div class="gallery-detail text-center"> <i class="ti-plus"></i> </div>
                        </div>
                    </a>
                </div>
                <div class="col-md-4 gallery-item animate-box" data-animate-effect="fadeInUp">
                    <a href="./../../wp-content/uploads/2021/10/g6.jpg" title="Title" class="img-zoom">
                        <div class="gallery-box">
                            <div class="gallery-img"> <img decoding="async" src="./../../wp-content/uploads/2021/10/g6.jpg" class="img-fluid mx-auto d-block" alt=""> </div>
                            <div class="gallery-detail text-center"> <i class="ti-plus"></i> </div>
                        </div>
                    </a>
                </div>
            </div>]]></content:encoded>
					
					<wfw:commentRss>./../fashion-makeup/feed/index.html</wfw:commentRss>
			<slash:comments>0</slash:comments>
		
		
			</item>
	</channel>
</rss>
