<?xml version="1.0" encoding="UTF-8"?><rss version="2.0"
	xmlns:content="http://purl.org/rss/1.0/modules/content/"
	xmlns:wfw="http://wellformedweb.org/CommentAPI/"
	xmlns:dc="http://purl.org/dc/elements/1.1/"
	xmlns:atom="http://www.w3.org/2005/Atom"
	xmlns:sy="http://purl.org/rss/1.0/modules/syndication/"
	xmlns:slash="http://purl.org/rss/1.0/modules/slash/"
	>

<channel>
	<title>Hair &#8211; Fashion</title>
	<atom:link href="./index.html" rel="self" type="application/rss+xml" />
	<link>./../../../index.html</link>
	<description></description>
	<lastBuildDate>Wed, 22 Sep 2021 08:07:57 +0000</lastBuildDate>
	<language>en-US</language>
	<sy:updatePeriod>
	hourly	</sy:updatePeriod>
	<sy:updateFrequency>
	1	</sy:updateFrequency>
	<generator>https://wordpress.org/?v=6.2</generator>
	<item>
		<title>8 Ways To Wear Flowers In Your Hair</title>
		<link>./../../../8-ways-to-wear-flowers-in-your-hair-2/index.html</link>
					<comments>./../../../8-ways-to-wear-flowers-in-your-hair-2/index.html#comments</comments>
		
		<dc:creator><![CDATA[ghouse]]></dc:creator>
		<pubDate>Wed, 22 Sep 2021 08:07:57 +0000</pubDate>
				<category><![CDATA[Face Makeup]]></category>
		<category><![CDATA[Artist]]></category>
		<category><![CDATA[Eyebrow]]></category>
		<category><![CDATA[Hair]]></category>
		<guid isPermaLink="false">https://shtheme.org/demosd/fredia/?p=63</guid>

					<description><![CDATA[Praesent tristique nisl felis at volutpat erat hendrerit ac. Proin ultricies nibe dolye maximus scelerisque. Integer molliser faucibus neque nec tincidunt. Aliquam era volutpat. Praeser tempor maluada quam, nec rutrum arcu ornare sed. Duru eget ligula at nibh viverra ultriciesi. Proin ultricies nibh non dolor maximus sceleue. Integer molliser faucine neque nec tincidunte. Aliquam erat [&#8230;]]]></description>
										<content:encoded><![CDATA[<div class="col-md-6">
    <p>Praesent tristique nisl felis at volutpat erat hendrerit ac. Proin ultricies nibe dolye maximus scelerisque. Integer molliser faucibus neque nec tincidunt. Aliquam era volutpat. Praeser tempor maluada quam, nec rutrum arcu ornare sed. Duru eget ligula at nibh viverra ultriciesi.</p>
    <p>Proin ultricies nibh non dolor maximus sceleue. Integer molliser faucine neque nec tincidunte. Aliquam erat volutpat. Praeser tempor malai the quam, nec rutrum arcu ornare senema.</p>
</div>
<div class="col-md-6">
    <p>Proin ultricies nibh non dolor maximus sceleue. Integer molliser faucine neque nec tincidunte. Aliquam erat volutpat. Praeser tempor malai the quam, nec rutrum arcu ornare senema.</p>
    <p>Praesent tristique nisl felis at volutpat erat hendrerit ac. Proin ultricies nibe dolye maximus scelerisque. Integer molliser faucibus neque nec tincidunt. Aliquam era volutpat. Praeser tempor maluada quam, nec rutrum arcu ornare sed. Duru eget ligula at nibh viverra ultriciesi.</p>
</div>]]></content:encoded>
					
					<wfw:commentRss>./../../../8-ways-to-wear-flowers-in-your-hair-2/feed/index.html</wfw:commentRss>
			<slash:comments>1</slash:comments>
		
		
			</item>
		<item>
		<title>So You Want To Be A Makeup Artist?</title>
		<link>./../../../so-you-want-to-be-a-makeup-artist-2/index.html</link>
					<comments>./../../../so-you-want-to-be-a-makeup-artist-2/index.html#comments</comments>
		
		<dc:creator><![CDATA[ghouse]]></dc:creator>
		<pubDate>Wed, 22 Sep 2021 07:46:51 +0000</pubDate>
				<category><![CDATA[Hair Makeup]]></category>
		<category><![CDATA[Artist]]></category>
		<category><![CDATA[Eyebrow]]></category>
		<category><![CDATA[Face]]></category>
		<category><![CDATA[Fashion]]></category>
		<category><![CDATA[Hair]]></category>
		<category><![CDATA[Makeup]]></category>
		<guid isPermaLink="false">https://shtheme.org/demosd/fredia/?p=58</guid>

					<description><![CDATA[Praesent tristique nisl felis at volutpat erat hendrerit ac. Proin ultricies nibe dolye maximus scelerisque. Integer molliser faucibus neque nec tincidunt. Aliquam era volutpat. Praeser tempor maluada quam, nec rutrum arcu ornare sed. Duru eget ligula at nibh viverra ultriciesi. Proin ultricies nibh non dolor maximus sceleue. Integer molliser faucine neque nec tincidunte. Aliquam erat [&#8230;]]]></description>
										<content:encoded><![CDATA[<div class="col-md-6">
    <p>Praesent tristique nisl felis at volutpat erat hendrerit ac. Proin ultricies nibe dolye maximus scelerisque. Integer molliser faucibus neque nec tincidunt. Aliquam era volutpat. Praeser tempor maluada quam, nec rutrum arcu ornare sed. Duru eget ligula at nibh viverra ultriciesi.</p>
    <p>Proin ultricies nibh non dolor maximus sceleue. Integer molliser faucine neque nec tincidunte. Aliquam erat volutpat. Praeser tempor malai the quam, nec rutrum arcu ornare senema.</p>
</div>
<div class="col-md-6">
    <p>Proin ultricies nibh non dolor maximus sceleue. Integer molliser faucine neque nec tincidunte. Aliquam erat volutpat. Praeser tempor malai the quam, nec rutrum arcu ornare senema.</p>
    <p>Praesent tristique nisl felis at volutpat erat hendrerit ac. Proin ultricies nibe dolye maximus scelerisque. Integer molliser faucibus neque nec tincidunt. Aliquam era volutpat. Praeser tempor maluada quam, nec rutrum arcu ornare sed. Duru eget ligula at nibh viverra ultriciesi.</p>
</div>]]></content:encoded>
					
					<wfw:commentRss>./../../../so-you-want-to-be-a-makeup-artist-2/feed/index.html</wfw:commentRss>
			<slash:comments>1</slash:comments>
		
		
			</item>
		<item>
		<title>8 Ways To Wear Flowers In Your Hair</title>
		<link>./../../../8-ways-to-wear-flowers-in-your-hair/index.html</link>
					<comments>./../../../8-ways-to-wear-flowers-in-your-hair/index.html#comments</comments>
		
		<dc:creator><![CDATA[ghouse]]></dc:creator>
		<pubDate>Wed, 25 Aug 2021 17:00:59 +0000</pubDate>
				<category><![CDATA[Face Makeup]]></category>
		<category><![CDATA[Artist]]></category>
		<category><![CDATA[Eyebrow]]></category>
		<category><![CDATA[Hair]]></category>
		<guid isPermaLink="false">https://shtheme.org/demosd/fredia/?p=12</guid>

					<description><![CDATA[Praesent tristique nisl felis at volutpat erat hendrerit ac. Proin ultricies nibe dolye maximus scelerisque. Integer molliser faucibus neque nec tincidunt. Aliquam era volutpat. Praeser tempor maluada quam, nec rutrum arcu ornare sed. Duru eget ligula at nibh viverra ultriciesi. Proin ultricies nibh non dolor maximus sceleue. Integer molliser faucine neque nec tincidunte. Aliquam erat [&#8230;]]]></description>
										<content:encoded><![CDATA[<div class="col-md-6">
    <p>Praesent tristique nisl felis at volutpat erat hendrerit ac. Proin ultricies nibe dolye maximus scelerisque. Integer molliser faucibus neque nec tincidunt. Aliquam era volutpat. Praeser tempor maluada quam, nec rutrum arcu ornare sed. Duru eget ligula at nibh viverra ultriciesi.</p>
    <p>Proin ultricies nibh non dolor maximus sceleue. Integer molliser faucine neque nec tincidunte. Aliquam erat volutpat. Praeser tempor malai the quam, nec rutrum arcu ornare senema.</p>
</div>
<div class="col-md-6">
    <p>Proin ultricies nibh non dolor maximus sceleue. Integer molliser faucine neque nec tincidunte. Aliquam erat volutpat. Praeser tempor malai the quam, nec rutrum arcu ornare senema.</p>
    <p>Praesent tristique nisl felis at volutpat erat hendrerit ac. Proin ultricies nibe dolye maximus scelerisque. Integer molliser faucibus neque nec tincidunt. Aliquam era volutpat. Praeser tempor maluada quam, nec rutrum arcu ornare sed. Duru eget ligula at nibh viverra ultriciesi.</p>
</div>]]></content:encoded>
					
					<wfw:commentRss>./../../../8-ways-to-wear-flowers-in-your-hair/feed/index.html</wfw:commentRss>
			<slash:comments>1</slash:comments>
		
		
			</item>
		<item>
		<title>So You Want To Be A Makeup Artist?</title>
		<link>./../../../so-you-want-to-be-a-makeup-artist/index.html</link>
					<comments>./../../../so-you-want-to-be-a-makeup-artist/index.html#comments</comments>
		
		<dc:creator><![CDATA[ghouse]]></dc:creator>
		<pubDate>Wed, 25 Aug 2021 16:45:58 +0000</pubDate>
				<category><![CDATA[Hair Makeup]]></category>
		<category><![CDATA[Artist]]></category>
		<category><![CDATA[Eyebrow]]></category>
		<category><![CDATA[Face]]></category>
		<category><![CDATA[Fashion]]></category>
		<category><![CDATA[Hair]]></category>
		<category><![CDATA[Makeup]]></category>
		<guid isPermaLink="false">https://shtheme.org/demosd/fredia/?p=7</guid>

					<description><![CDATA[Praesent tristique nisl felis at volutpat erat hendrerit ac. Proin ultricies nibe dolye maximus scelerisque. Integer molliser faucibus neque nec tincidunt. Aliquam era volutpat. Praeser tempor maluada quam, nec rutrum arcu ornare sed. Duru eget ligula at nibh viverra ultriciesi. Proin ultricies nibh non dolor maximus sceleue. Integer molliser faucine neque nec tincidunte. Aliquam erat [&#8230;]]]></description>
										<content:encoded><![CDATA[<div class="col-md-6">
    <p>Praesent tristique nisl felis at volutpat erat hendrerit ac. Proin ultricies nibe dolye maximus scelerisque. Integer molliser faucibus neque nec tincidunt. Aliquam era volutpat. Praeser tempor maluada quam, nec rutrum arcu ornare sed. Duru eget ligula at nibh viverra ultriciesi.</p>
    <p>Proin ultricies nibh non dolor maximus sceleue. Integer molliser faucine neque nec tincidunte. Aliquam erat volutpat. Praeser tempor malai the quam, nec rutrum arcu ornare senema.</p>
</div>
<div class="col-md-6">
    <p>Proin ultricies nibh non dolor maximus sceleue. Integer molliser faucine neque nec tincidunte. Aliquam erat volutpat. Praeser tempor malai the quam, nec rutrum arcu ornare senema.</p>
    <p>Praesent tristique nisl felis at volutpat erat hendrerit ac. Proin ultricies nibe dolye maximus scelerisque. Integer molliser faucibus neque nec tincidunt. Aliquam era volutpat. Praeser tempor maluada quam, nec rutrum arcu ornare sed. Duru eget ligula at nibh viverra ultriciesi.</p>
</div>]]></content:encoded>
					
					<wfw:commentRss>./../../../so-you-want-to-be-a-makeup-artist/feed/index.html</wfw:commentRss>
			<slash:comments>1</slash:comments>
		
		
			</item>
	</channel>
</rss>
