<?xml version="1.0" encoding="UTF-8"?><rss version="2.0"
	xmlns:content="http://purl.org/rss/1.0/modules/content/"
	xmlns:dc="http://purl.org/dc/elements/1.1/"
	xmlns:atom="http://www.w3.org/2005/Atom"
	xmlns:sy="http://purl.org/rss/1.0/modules/syndication/"
	
	>
<channel>
	<title>
	Comments on: 8 Ways To Wear Flowers In Your Hair	</title>
	<atom:link href="./index.html" rel="self" type="application/rss+xml" />
	<link>./../index.html</link>
	<description></description>
	<lastBuildDate>Wed, 22 Sep 2021 08:18:34 +0000</lastBuildDate>
	<sy:updatePeriod>
	hourly	</sy:updatePeriod>
	<sy:updateFrequency>
	1	</sy:updateFrequency>
	<generator>https://wordpress.org/?v=6.2</generator>
	<item>
		<title>
		By: Emily Frank		</title>
		<link>./../index.html#comment-7</link>

		<dc:creator><![CDATA[Emily Frank]]></dc:creator>
		<pubDate>Wed, 22 Sep 2021 08:18:34 +0000</pubDate>
		<guid isPermaLink="false">https://shtheme.org/demosd/fredia/?p=63#comment-7</guid>

					<description><![CDATA[Makeup ultricies nibh non dolor maximus sceleue. Integer molliser faubs neque nec tincidunte. Aliquam erat volutpat. Praeser tempor malade quam, nec rutrum arcu ornare yapta.]]></description>
			<content:encoded><![CDATA[<p>Makeup ultricies nibh non dolor maximus sceleue. Integer molliser faubs neque nec tincidunte. Aliquam erat volutpat. Praeser tempor malade quam, nec rutrum arcu ornare yapta.</p>
]]></content:encoded>
		
			</item>
	</channel>
</rss>
