<?xml version="1.0" encoding="UTF-8"?><rss version="2.0"
	xmlns:content="http://purl.org/rss/1.0/modules/content/"
	xmlns:dc="http://purl.org/dc/elements/1.1/"
	xmlns:atom="http://www.w3.org/2005/Atom"
	xmlns:sy="http://purl.org/rss/1.0/modules/syndication/"
	
	>
<channel>
	<title>
	Comments for Fashion	</title>
	<atom:link href="./index.html" rel="self" type="application/rss+xml" />
	<link>./../../index.html</link>
	<description></description>
	<lastBuildDate>Mon, 01 May 2023 19:21:53 +0000</lastBuildDate>
	<sy:updatePeriod>
	hourly	</sy:updatePeriod>
	<sy:updateFrequency>
	1	</sy:updateFrequency>
	<generator>https://wordpress.org/?v=6.2</generator>
	<item>
		<title>
		Comment on Hello world! by A WordPress Commenter		</title>
		<link>./../../hello-world/index.html#comment-1</link>

		<dc:creator><![CDATA[A WordPress Commenter]]></dc:creator>
		<pubDate>Mon, 01 May 2023 19:21:53 +0000</pubDate>
		<guid isPermaLink="false">./../../index.html?p=1#comment-1</guid>

					<description><![CDATA[Hi, this is a comment.
To get started with moderating, editing, and deleting comments, please visit the Comments screen in the dashboard.
Commenter avatars come from &lt;a href=&quot;https://en.gravatar.com/&quot;&gt;Gravatar&lt;/a&gt;.]]></description>
			<content:encoded><![CDATA[<p>Hi, this is a comment.<br />
To get started with moderating, editing, and deleting comments, please visit the Comments screen in the dashboard.<br />
Commenter avatars come from <a href="https://en.gravatar.com/">Gravatar</a>.</p>
]]></content:encoded>
		
			</item>
		<item>
		<title>
		Comment on 8 Ways To Wear Flowers In Your Hair by Emily Frank		</title>
		<link>./../../8-ways-to-wear-flowers-in-your-hair-2/index.html#comment-7</link>

		<dc:creator><![CDATA[Emily Frank]]></dc:creator>
		<pubDate>Wed, 22 Sep 2021 08:18:34 +0000</pubDate>
		<guid isPermaLink="false">https://shtheme.org/demosd/fredia/?p=63#comment-7</guid>

					<description><![CDATA[Makeup ultricies nibh non dolor maximus sceleue. Integer molliser faubs neque nec tincidunte. Aliquam erat volutpat. Praeser tempor malade quam, nec rutrum arcu ornare yapta.]]></description>
			<content:encoded><![CDATA[<p>Makeup ultricies nibh non dolor maximus sceleue. Integer molliser faubs neque nec tincidunte. Aliquam erat volutpat. Praeser tempor malade quam, nec rutrum arcu ornare yapta.</p>
]]></content:encoded>
		
			</item>
		<item>
		<title>
		Comment on What To Expect At Your Hair And Makeup Trial. by Emily Frank		</title>
		<link>./../../what-to-expect-at-your-hair-and-makeup-trial-2/index.html#comment-6</link>

		<dc:creator><![CDATA[Emily Frank]]></dc:creator>
		<pubDate>Wed, 22 Sep 2021 08:18:10 +0000</pubDate>
		<guid isPermaLink="false">https://shtheme.org/demosd/fredia/?p=61#comment-6</guid>

					<description><![CDATA[Makeup ultricies nibh non dolor maximus sceleue. Integer molliser faubs neque nec tincidunte. Aliquam erat volutpat. Praeser tempor malade quam, nec rutrum arcu ornare yapta.]]></description>
			<content:encoded><![CDATA[<p>Makeup ultricies nibh non dolor maximus sceleue. Integer molliser faubs neque nec tincidunte. Aliquam erat volutpat. Praeser tempor malade quam, nec rutrum arcu ornare yapta.</p>
]]></content:encoded>
		
			</item>
		<item>
		<title>
		Comment on So You Want To Be A Makeup Artist? by Emily Frank		</title>
		<link>./../../so-you-want-to-be-a-makeup-artist-2/index.html#comment-5</link>

		<dc:creator><![CDATA[Emily Frank]]></dc:creator>
		<pubDate>Wed, 22 Sep 2021 08:05:09 +0000</pubDate>
		<guid isPermaLink="false">https://shtheme.org/demosd/fredia/?p=58#comment-5</guid>

					<description><![CDATA[Makeup ultricies nibh non dolor maximus sceleue. Integer molliser faubs neque nec tincidunte. Aliquam erat volutpat. Praeser tempor malade quam, nec rutrum arcu ornare yapta.]]></description>
			<content:encoded><![CDATA[<p>Makeup ultricies nibh non dolor maximus sceleue. Integer molliser faubs neque nec tincidunte. Aliquam erat volutpat. Praeser tempor malade quam, nec rutrum arcu ornare yapta.</p>
]]></content:encoded>
		
			</item>
		<item>
		<title>
		Comment on What To Expect At Your Hair And Makeup Trial. by Emily Frank		</title>
		<link>./../../what-to-expect-at-your-hair-and-makeup-trial/index.html#comment-3</link>

		<dc:creator><![CDATA[Emily Frank]]></dc:creator>
		<pubDate>Mon, 30 Aug 2021 05:10:24 +0000</pubDate>
		<guid isPermaLink="false">https://shtheme.org/demosd/fredia/?p=10#comment-3</guid>

					<description><![CDATA[Makeup ultricies nibh non dolor maximus sceleue. Integer molliser faubs neque nec tincidunte. Aliquam erat volutpat. Praeser tempor malade quam, nec rutrum arcu ornare yapta.]]></description>
			<content:encoded><![CDATA[<p>Makeup ultricies nibh non dolor maximus sceleue. Integer molliser faubs neque nec tincidunte. Aliquam erat volutpat. Praeser tempor malade quam, nec rutrum arcu ornare yapta.</p>
]]></content:encoded>
		
			</item>
		<item>
		<title>
		Comment on So You Want To Be A Makeup Artist? by Emily Frank		</title>
		<link>./../../so-you-want-to-be-a-makeup-artist/index.html#comment-2</link>

		<dc:creator><![CDATA[Emily Frank]]></dc:creator>
		<pubDate>Mon, 30 Aug 2021 05:09:49 +0000</pubDate>
		<guid isPermaLink="false">https://shtheme.org/demosd/fredia/?p=7#comment-2</guid>

					<description><![CDATA[Makeup ultricies nibh non dolor maximus sceleue. Integer molliser faubs neque nec tincidunte. Aliquam erat volutpat. Praeser tempor malade quam, nec rutrum arcu ornare yapta.]]></description>
			<content:encoded><![CDATA[<p>Makeup ultricies nibh non dolor maximus sceleue. Integer molliser faubs neque nec tincidunte. Aliquam erat volutpat. Praeser tempor malade quam, nec rutrum arcu ornare yapta.</p>
]]></content:encoded>
		
			</item>
		<item>
		<title>
		Comment on 8 Ways To Wear Flowers In Your Hair by Emily Frank		</title>
		<link>./../../8-ways-to-wear-flowers-in-your-hair/index.html#comment-4</link>

		<dc:creator><![CDATA[Emily Frank]]></dc:creator>
		<pubDate>Mon, 30 Aug 2021 05:09:16 +0000</pubDate>
		<guid isPermaLink="false">https://shtheme.org/demosd/fredia/?p=12#comment-4</guid>

					<description><![CDATA[Makeup ultricies nibh non dolor maximus sceleue. Integer molliser faubs neque nec tincidunte. Aliquam erat volutpat. Praeser tempor malade quam, nec rutrum arcu ornare yapta.]]></description>
			<content:encoded><![CDATA[<p>Makeup ultricies nibh non dolor maximus sceleue. Integer molliser faubs neque nec tincidunte. Aliquam erat volutpat. Praeser tempor malade quam, nec rutrum arcu ornare yapta.</p>
]]></content:encoded>
		
			</item>
	</channel>
</rss>
